,abs_loss,abs_val_loss,rel_loss,rel_val_loss
0,"[96.24420928955078, 51.64187240600586, 17.884302139282227, 19.180574417114258, 4.565947532653809, 2.3719005584716797, 3.4856810569763184, 4.506490230560303, 4.689712047576904, 4.0478315353393555]","[31.099693298339844, 12532.779296875, 42651.5234375, 174957.6875, 403860.625, 651744.375, 867819.875, 1030250.5, 1117094.5, 1189879.625]","[11.26133315  6.04250722  2.0926047   2.2442788   0.53425195  0.27753111
  0.40785223  0.52729497  0.54873337  0.47362828]","[3.60496327e+00 1.45275417e+03 4.94400938e+03 2.02804584e+04
 4.68140539e+04 7.55478362e+04 1.00594522e+05 1.19422889e+05
 1.29489529e+05 1.37926516e+05]"
