,abs_loss,abs_val_loss
0,"[0.17891953885555267, 5.178299427032471, 0.6685655117034912, 0.12307203561067581, 0.27558577060699463, 0.34008798003196716, 0.3567803204059601, 0.21893148124217987]","[0.12849850952625275, 0.055942222476005554, 0.014058432541787624, 0.023330798372626305, 0.25087782740592957, 0.6955634951591492, 1.114132285118103, 1.3338041305541992]"
