,abs_loss,abs_val_loss
0,"[0.10738582909107208, 0.11591128259897232, 1.1852619647979736, 0.08745425194501877, 0.17803387343883514, 0.1628471165895462]","[0.007253759540617466, 1.0527493953704834, 0.008827912621200085, 1.3777472972869873, 3.9867944717407227, 4.076077461242676]"
