,abs_loss,abs_val_loss
0,"[48.705585306341, 11.019634326299032, 9.933989517616503, 9.632033145788943, 9.314137502150102, 9.377897291472465, 8.969069921609128, 8.906946355646307, 8.869929039117062, 8.809856776035193, 8.73890613787102, 8.55746086438497, 8.569835344950357, 8.687873522440592, 8.402517773888327]","[68.61084446762547, 42.99151530410304, 22.820424339988016, 14.693989262436375, 13.207148002855705, 11.632523594480572, 11.226409016233502, 9.886892607717803, 9.789601239291104, 9.536058512600986, 10.341471498662775, 9.665939446651574, 9.640241160537258, 9.593111356099447, 9.633741465481846]"
